[
  {
    "id": "/subscriptions/f0a8d9f1-0b6f-44f9-8e03-a0e5baafec1a/resourceGroups/ZonalMove-MC-RG-eastus/providers/Microsoft.Resources/deployments/wardam.me_1716947449359/operations/4C3E8CB7237A5020",
    "operationId": "4C3E8CB7237A5020",
    "properties": {
      "provisioningOperation": "Create",
      "provisioningState": "Succeeded",
      "timestamp": "2024-05-29T01:50:58.7901565Z",
      "duration": "PT5.3731973S",
      "trackingId": "5178a94c-5af1-4c51-a09b-dfebd96d42d2",
      "statusCode": "Created",
      "targetResource": {
        "id": "/subscriptions/f0a8d9f1-0b6f-44f9-8e03-a0e5baafec1a/resourceGroups/ZonalMove-MC-RG-eastus/providers/Microsoft.Network/dnsZones/wardam.me",
        "resourceType": "Microsoft.Network/dnsZones",
        "resourceName": "wardam.me"
      }
    }
  },
  {
    "id": "/subscriptions/f0a8d9f1-0b6f-44f9-8e03-a0e5baafec1a/resourceGroups/ZonalMove-MC-RG-eastus/providers/Microsoft.Resources/deployments/wardam.me_1716947449359/operations/08584846594335428199",
    "operationId": "08584846594335428199",
    "properties": {
      "provisioningOperation": "EvaluateDeploymentOutput",
      "provisioningState": "Succeeded",
      "timestamp": "2024-05-29T01:50:58.8668792Z",
      "duration": "PT5.44992S",
      "trackingId": "99ed8f00-a0a1-4c0b-babf-f599e961238e",
      "statusCode": "OK"
    }
  }
]