{
  "id": "/subscriptions/f0a8d9f1-0b6f-44f9-8e03-a0e5baafec1a/resourceGroups/ZonalMove-MC-RG-eastus/providers/Microsoft.Resources/deployments/wardam.me_1716947449359",
  "name": "wardam.me_1716947449359",
  "type": "Microsoft.Resources/deployments",
  "properties": {
    "templateHash": "7969876341286280866",
    "parameters": {
      "dnsZoneName": {
        "type": "String",
        "value": "wardam.me"
      }
    },
    "mode": "Incremental",
    "debugSetting": {
      "detailLevel": "None"
    },
    "provisioningState": "Succeeded",
    "timestamp": "2024-05-29T01:50:58.8919747Z",
    "duration": "PT6.2472466S",
    "correlationId": "af4ebc9a-bfb0-444c-a9b8-11673d26f8f3",
    "providers": [
      {
        "namespace": "Microsoft.Network",
        "resourceTypes": [
          {
            "resourceType": "dnsZones",
            "locations": [
              "global"
            ]
          }
        ]
      }
    ],
    "dependencies": [],
    "outputs": {},
    "outputResources": [
      {
        "id": "/subscriptions/f0a8d9f1-0b6f-44f9-8e03-a0e5baafec1a/resourceGroups/ZonalMove-MC-RG-eastus/providers/Microsoft.Network/dnsZones/wardam.me"
      }
    ],
    "validationLevel": "Template"
  },
  "tags": {
    "primaryResourceId": "/subscriptions/f0a8d9f1-0b6f-44f9-8e03-a0e5baafec1a/resourceGroups/ZonalMove-MC-RG-eastus/providers/Microsoft.Network/dnsZones/wardam.me"
  }
}